date,country
2022-06-14,cz
2022-06-15,lk
2022-06-16,eg
2022-06-17,ch
2022-06-18,vn
2022-06-19,sd
2022-06-20,be
2022-06-21,kz
2022-06-22,ye
2022-06-23,ga
2022-06-24,tf
2022-06-25,ax
2022-06-26,np
2022-06-27,ad
2022-06-28,bz
2022-06-29,bt
2022-06-30,hm
2022-07-1,vg
2022-07-2,fr
2022-07-3,tn
2022-07-4,ba
2022-07-5,mx
2022-07-6,kg
2022-07-7,wf
2022-07-8,tt
2022-07-9,nu
2022-07-10,cn
2022-07-11,fo
2022-07-12,tl
2022-07-13,ai
2022-07-14,gl
2022-07-15,dj
2022-07-16,am
2022-07-17,bd
2022-07-18,il
2022-07-19,mg
2022-07-20,si
2022-07-21,vi
2022-07-22,nl
2022-07-23,by
2022-07-24,gy
2022-07-25,dm
2022-07-26,sx
2022-07-27,pw
2022-07-28,mv
2022-07-29,yt
2022-07-30,fi
2022-07-31,gh
2022-08-1,cl
2022-08-2,tg
2022-08-3,bv
2022-08-4,gb
2022-08-5,cd
2022-08-6,kh
2022-08-7,mw
2022-08-8,ae
2022-08-9,vu
2022-08-10,ss
2022-08-11,ky
2022-08-12,lv
2022-08-13,tz
2022-08-14,tw
2022-08-15,cg
2022-08-16,gq
2022-08-17,sj
2022-08-18,kr
2022-08-19,ph
2022-08-20,nc
2022-08-21,sv
2022-08-22,br
2022-08-23,bh
2022-08-24,sl
2022-08-25,pr
2022-08-26,ye
2022-08-27,ua
2022-08-28,km
2022-08-29,so
2022-08-30,sn
2022-08-31,ee
2022-09-1,mo
2022-09-2,zw
2022-09-3,tk
2022-09-4,gb
2022-09-5,gr
2022-09-6,sz
2022-09-7,ug
2022-09-8,mk
2022-09-9,kr
2022-09-10,lk
2022-09-11,io
2022-09-12,cw
2022-09-13,dz
2022-09-14,sn
2022-09-15,bo
2022-09-16,my
2022-09-17,bf
2022-09-18,ps
2022-09-19,sm
2022-09-20,il
2022-09-21,gh
2022-09-22,sa
2022-09-23,au
2022-09-24,za
2022-09-25,zm
2022-09-26,ba
2022-09-27,tm
2022-09-28,ae
2022-09-29,vu
2022-09-30,st
2022-10-01,tv
2022-10-02,mn
2022-10-03,ec
2022-10-04,co
2022-10-05,bd
2022-10-06,sy
2022-10-07,sv
2022-10-08,bn
2022-10-09,bl
2022-10-10,ar
2022-10-11,cg
2022-10-12,ve
2022-10-13,is
2022-10-14,bh
2022-10-15,tn
2022-10-16,bg
2022-10-17,se
2022-10-18,vg
2022-10-19,be
2022-10-20,as
2022-10-21,ki
2022-10-22,ao
2022-10-23,ga
2022-10-24,pw
2022-10-25,ws
2022-10-26,mh
2022-10-27,jo
2022-10-28,sk
2022-10-29,tl
2022-10-30,fr
2022-10-31,hu
2022-11-01,ag
2022-11-02,mf
2022-11-03,fm
2022-11-04,mp
2022-11-05,aw
2022-11-06,to
2022-11-07,kg
2022-11-08,az
2022-11-09,kh
2022-11-10,np
2022-11-11,de
2022-11-12,km
2022-11-13,at
2022-11-14,bq
2022-11-15,ci
2022-11-16,cd
2022-11-17,cz
2022-11-18,ng
2022-11-19,cu
2022-11-20,mm
2022-11-21,sl
2022-11-22,by
2022-11-23,gl
2022-11-24,pn
2022-11-25,fi
2022-11-26,pm
2022-11-27,ir
2022-11-28,vn
2022-11-29,es
2022-11-30,gi
2022-12-01,ss
2022-12-02,us
2022-12-03,qa
2022-12-04,mw
2022-12-05,ls
2022-12-06,pf
2022-12-07,si
2022-12-08,ad
2022-12-09,bb
2022-12-10,kw
2022-12-11,mx
2022-12-12,ms
2022-12-13,jp
2022-12-14,bt
2022-12-15,eg
2022-12-16,tr
2022-12-17,cv
2022-12-18,tz
2022-12-19,et
2022-12-20,mu
2022-12-21,nl
2022-12-22,gq
2022-12-23,pt
2022-12-24,lu
2022-12-25,am
2022-12-26,nr
2022-12-27,tf
2022-12-28,pa
2022-12-29,lv
2022-12-30,mg
2022-12-31,ro
2023-01-01,dm
2023-01-02,ye
2023-01-03,gd
2023-01-04,th
2023-01-05,ky
2023-01-06,la
2023-01-07,hn
2023-01-08,ie
2023-01-09,kp
2023-01-10,hr
2023-01-11,ge
2023-01-12,kn
2023-01-13,bj
2023-01-14,ch
2023-01-15,bw
2023-01-16,me
2023-01-17,cr
2023-01-18,do
2023-01-19,ru
2023-01-20,om
2023-01-21,bs
2023-01-22,br
2023-01-23,sg
2023-01-24,bm
2023-01-25,pg
2023-01-26,lt
2023-01-27,gw
2023-01-28,ml
2023-01-29,no
2023-01-30,ne
2023-01-31,ai
2023-02-01,gn
2023-02-02,mv
2023-02-03,ht
2023-02-04,ke
2023-02-05,bz
2023-02-06,id
2023-02-07,jm
2023-02-08,ma
2023-02-09,iq
2023-02-10,cf
2023-02-11,rs
2023-02-12,tc
2023-02-13,na
2023-02-14,in
2023-02-15,vc
2023-02-16,ee
2023-02-17,nc
2023-02-18,mr
2023-02-19,pk
2023-02-20,cm
2023-02-21,dj
2023-02-22,md
2023-02-23,ph
2023-02-24,er
2023-02-25,fj
2023-02-26,mz
2023-02-27,lb
2023-02-28,ca
2023-03-01,cn
2023-03-02,dk
2023-03-03,it
2023-03-04,sb
2023-03-05,gm
2023-03-06,pl
2023-03-07,gt
2023-03-08,rw
2023-03-09,ua
2023-03-10,cl
2023-03-11,lc
2023-03-12,nu
2023-03-13,uz
2023-03-14,mt
2023-03-15,nz
2023-03-16,nf
2023-03-17,td
2023-03-18,pe
2023-03-19,tt
2023-03-20,py
2023-03-21,ni
2023-03-22,bi
2023-03-23,tg
2023-03-24,gy
2023-03-25,hk
2023-03-26,sc
2023-03-27,ck
2023-03-28,kz
2023-03-29,sr
2023-03-30,ly
2023-03-31,tj
2023-04-01,af
2023-04-02,gu
2023-04-03,wf
2023-04-04,sd
2023-04-05,sh
2023-04-06,fk
2023-04-07,lr
2023-04-08,cc
2023-04-09,uy
2023-04-10,so
2023-04-11,cx
2023-04-12,al
2023-04-13,cy
